VM,Powerstate,Name,Description,Age in days,Date / time,Filename,Size MiB (vmsn),Size MiB (total),Quiesced,State,Annotation,CitrixProvisioningSchemeId,Dell VM Direct Engine Cleanup Descriptor,Dell VM Direct Engine Session,Last Dell PowerProtect Backup,LastBackupStatus-com.dellemc.avamar,LastSuccessfulBackup-com.dellemc.avamar,VSphereExtensionUtil.SNAPSHOT_TAG,XdConfig,Datacenter,Cluster,Host,Folder,OS according to the configuration file,OS according to the VMware Tools,VM ID,VM UUID,VI SDK Server,VI SDK UUID
AFMCX-PTVW01,poweredOn,AFMCX-PTVW01_ARCFM_PRD_9-29-2025,WO0000000230428,0 yrs 3 mos 24 days 04:59:27,2025/09/29 12:56:38,[VxRail-Virtual-SAN-Datastore-b2aa1a1a-bc4e-40f9-9d60-a6b034823bf7] AFMCX-PTVW01/AFMCX-PTVW01-Snapshot579.vmsn,0.2817,"17,019.4609",False,poweredOff,"Windows 2022 x64 with .NET Framework 4.8, Remote Remote Desktop Session Host, Remote Assistance and patches through 3/15/2023",,,,"Backup Server=ppdmp-pivl01.corp.dirsrv.com, Policy=5ba49d08-48a7-4d79-9e51-9bf19d561fce, Stage=4c999657-4e80-4175-83c4-2c531e4a8a61, StartTime=2025-10-29T05:00:06Z, EndTime=2025-10-29T05:20:26Z",Successful: 2024-09-23 05:12:16 UTC,2024-09-23 05:12:16 UTC,,,PEDC,VXRP-PHCL100,vxrp-phpl104.corp.dirsrv.com,/PEDC/XenApp Servers/IT CO GIS/Golden Images - Update ONLY,Microsoft Windows Server 2022 (64-bit),Microsoft Windows Server 2022 (64-bit),vm-9365,50042a25-b6fe-b852-47f8-e3467e0b800b,vccp-pavl02.corp.dirsrv.com,8c8bef10-2d2c-4503-a962-b1b89c14df27
AFMCX-PTVW01,poweredOn,AFMCX-PTVW01_ARCFM_PRD_8-12-2025,WO0000000213258,0 yrs 5 mos 10 days 02:42:12,2025/08/12 15:13:53,[VxRail-Virtual-SAN-Datastore-b2aa1a1a-bc4e-40f9-9d60-a6b034823bf7] AFMCX-PTVW01/AFMCX-PTVW01-Snapshot529.vmsn,0.2817,"94,517.0508",False,poweredOff,"Windows 2022 x64 with .NET Framework 4.8, Remote Remote Desktop Session Host, Remote Assistance and patches through 3/15/2023",,,,"Backup Server=ppdmp-pivl01.corp.dirsrv.com, Policy=5ba49d08-48a7-4d79-9e51-9bf19d561fce, Stage=4c999657-4e80-4175-83c4-2c531e4a8a61, StartTime=2025-10-29T05:00:06Z, EndTime=2025-10-29T05:20:26Z",Successful: 2024-09-23 05:12:16 UTC,2024-09-23 05:12:16 UTC,,,PEDC,VXRP-PHCL100,vxrp-phpl104.corp.dirsrv.com,/PEDC/XenApp Servers/IT CO GIS/Golden Images - Update ONLY,Microsoft Windows Server 2022 (64-bit),Microsoft Windows Server 2022 (64-bit),vm-9365,50042a25-b6fe-b852-47f8-e3467e0b800b,vccp-pavl02.corp.dirsrv.com,8c8bef10-2d2c-4503-a962-b1b89c14df27
AFMCX-PTVW01,poweredOn,AFMCX-PTVW01_ARCFM_PRD_9-11-2025,WO0000000219169,0 yrs 4 mos 11 days 05:33:14,2025/09/11 12:22:51,[VxRail-Virtual-SAN-Datastore-b2aa1a1a-bc4e-40f9-9d60-a6b034823bf7] AFMCX-PTVW01/AFMCX-PTVW01-Snapshot560.vmsn,0.2817,"24,079.6055",False,poweredOff,"Windows 2022 x64 with .NET Framework 4.8, Remote Remote Desktop Session Host, Remote Assistance and patches through 3/15/2023",,,,"Backup Server=ppdmp-pivl01.corp.dirsrv.com, Policy=5ba49d08-48a7-4d79-9e51-9bf19d561fce, Stage=4c999657-4e80-4175-83c4-2c531e4a8a61, StartTime=2025-10-29T05:00:06Z, EndTime=2025-10-29T05:20:26Z",Successful: 2024-09-23 05:12:16 UTC,2024-09-23 05:12:16 UTC,,,PEDC,VXRP-PHCL100,vxrp-phpl104.corp.dirsrv.com,/PEDC/XenApp Servers/IT CO GIS/Golden Images - Update ONLY,Microsoft Windows Server 2022 (64-bit),Microsoft Windows Server 2022 (64-bit),vm-9365,50042a25-b6fe-b852-47f8-e3467e0b800b,vccp-pavl02.corp.dirsrv.com,8c8bef10-2d2c-4503-a962-b1b89c14df27
CADCX-PTVW01,poweredOn,CADCX-PTVW01_PROD_PCAD_10-21-2025,WO0000000332177,0 yrs 3 mos 1 days 02:17:44,2025/10/21 15:38:21,[VxRail-Virtual-SAN-Datastore-b2aa1a1a-bc4e-40f9-9d60-a6b034823bf7] CADCX-PTVW01/CADCX-PTVW01-Snapshot32.vmsn,0.2820,"49,228.3125",False,poweredOff,"IT CO Operations, PCAD Dispatch Prod,  David dulaney, JP, 04/13/2023, WO0000000087116",,,,,,,,,PEDC,VXRP-PHCL100,vxrp-phpl113.corp.dirsrv.com,/PEDC/XenApp Servers/IT CO OPS/Golden Images - Update ONLY,Microsoft Windows Server 2022 (64-bit),Microsoft Windows Server 2022 (64-bit),vm-4317,500be00f-79e4-2305-6a98-f283facd1908,vccp-pavl02.corp.dirsrv.com,8c8bef10-2d2c-4503-a962-b1b89c14df27
CADCX-PTVW01,poweredOn,CADCX-PTVW01_PROD_PCAD_4-24-2025,WO0000000192196,0 yrs 8 mos 29 days 10:08:26,2025/04/24 07:47:39,[VxRail-Virtual-SAN-Datastore-b2aa1a1a-bc4e-40f9-9d60-a6b034823bf7] CADCX-PTVW01/CADCX-PTVW01-Snapshot30.vmsn,0.2820,"137,123.7305",False,poweredOff,"IT CO Operations, PCAD Dispatch Prod,  David dulaney, JP, 04/13/2023, WO0000000087116",,,,,,,,,PEDC,VXRP-PHCL100,vxrp-phpl113.corp.dirsrv.com,/PEDC/XenApp Servers/IT CO OPS/Golden Images - Update ONLY,Microsoft Windows Server 2022 (64-bit),Microsoft Windows Server 2022 (64-bit),vm-4317,500be00f-79e4-2305-6a98-f283facd1908,vccp-pavl02.corp.dirsrv.com,8c8bef10-2d2c-4503-a962-b1b89c14df27
CADCX-PTVW01,poweredOn,CADCX-PTVW01_PROD_PCAD_5-27-2025,WO0000000198805,0 yrs 7 mos 26 days 03:09:45,2025/05/27 14:46:20,[VxRail-Virtual-SAN-Datastore-b2aa1a1a-bc4e-40f9-9d60-a6b034823bf7] CADCX-PTVW01/CADCX-PTVW01-Snapshot31.vmsn,0.2820,"26,382.1680",False,poweredOff,"IT CO Operations, PCAD Dispatch Prod,  David dulaney, JP, 04/13/2023, WO0000000087116",,,,,,,,,PEDC,VXRP-PHCL100,vxrp-phpl113.corp.dirsrv.com,/PEDC/XenApp Servers/IT CO OPS/Golden Images - Update ONLY,Microsoft Windows Server 2022 (64-bit),Microsoft Windows Server 2022 (64-bit),vm-4317,500be00f-79e4-2305-6a98-f283facd1908,vccp-pavl02.corp.dirsrv.com,8c8bef10-2d2c-4503-a962-b1b89c14df27
CSSTG-STVW01,poweredOn,CSSTG-STVW01_CIS_STG_09-18-2025,WO0000000219461,0 yrs 4 mos 4 days 12:02:37,2025/09/18 05:53:28,[VxRail-Virtual-SAN-Datastore-b2aa1a1a-bc4e-40f9-9d60-a6b034823bf7] CSSTG-STVW01/CSSTG-STVW01-Snapshot717.vmsn,0.2816,"104,669.4063",False,poweredOff,Citrix - Windows Server 2019 Standard Updated - 10/19/2023 - WLH,,,,"Backup Server=ppdmp-pivl01.corp.dirsrv.com, Policy=4e9cb4e7-4d8a-4846-90cf-9ef0ab6c9d73, Stage=53fd4e1f-02d6-4724-b4df-a7c5757a6015, StartTime=2025-10-29T07:00:25Z, EndTime=2025-10-29T07:39:09Z",Successful: 2024-09-17 07:11:47 UTC,2024-09-17 07:11:47 UTC,,,PEDC,VXRP-PHCL100,vxrp-phpl111.corp.dirsrv.com,/PEDC/XenApp Servers/CVS TECH/Golden Images - Update ONLY,Microsoft Windows Server 2019 (64-bit),Microsoft Windows Server 2019 (64-bit),vm-7658,500404fa-3c04-4ce1-f101-833d8e425ba7,vccp-pavl02.corp.dirsrv.com,8c8bef10-2d2c-4503-a962-b1b89c14df27
CSSTG-STVW01,poweredOn,CSSTG-STVW01_CIS_STG_10-8-2025,WO0000000251451,0 yrs 3 mos 14 days 06:08:37,2025/10/08 11:47:28,[VxRail-Virtual-SAN-Datastore-b2aa1a1a-bc4e-40f9-9d60-a6b034823bf7] CSSTG-STVW01/CSSTG-STVW01-Snapshot739.vmsn,0.2816,"7,516.1719",False,poweredOff,Citrix - Windows Server 2019 Standard Updated - 10/19/2023 - WLH,,,,"Backup Server=ppdmp-pivl01.corp.dirsrv.com, Policy=4e9cb4e7-4d8a-4846-90cf-9ef0ab6c9d73, Stage=53fd4e1f-02d6-4724-b4df-a7c5757a6015, StartTime=2025-10-29T07:00:25Z, EndTime=2025-10-29T07:39:09Z",Successful: 2024-09-17 07:11:47 UTC,2024-09-17 07:11:47 UTC,,,PEDC,VXRP-PHCL100,vxrp-phpl111.corp.dirsrv.com,/PEDC/XenApp Servers/CVS TECH/Golden Images - Update ONLY,Microsoft Windows Server 2019 (64-bit),Microsoft Windows Server 2019 (64-bit),vm-7658,500404fa-3c04-4ce1-f101-833d8e425ba7,vccp-pavl02.corp.dirsrv.com,8c8bef10-2d2c-4503-a962-b1b89c14df27
CSSTG-STVW01,poweredOn,CSSTG-STVW01_CIS_STG_09-26-2025,WO0000000226640,0 yrs 3 mos 27 days 08:15:45,2025/09/26 09:40:20,[VxRail-Virtual-SAN-Datastore-b2aa1a1a-bc4e-40f9-9d60-a6b034823bf7] CSSTG-STVW01/CSSTG-STVW01-Snapshot726.vmsn,0.2816,"8,626.1445",False,poweredOff,Citrix - Windows Server 2019 Standard Updated - 10/19/2023 - WLH,,,,"Backup Server=ppdmp-pivl01.corp.dirsrv.com, Policy=4e9cb4e7-4d8a-4846-90cf-9ef0ab6c9d73, Stage=53fd4e1f-02d6-4724-b4df-a7c5757a6015, StartTime=2025-10-29T07:00:25Z, EndTime=2025-10-29T07:39:09Z",Successful: 2024-09-17 07:11:47 UTC,2024-09-17 07:11:47 UTC,,,PEDC,VXRP-PHCL100,vxrp-phpl111.corp.dirsrv.com,/PEDC/XenApp Servers/CVS TECH/Golden Images - Update ONLY,Microsoft Windows Server 2019 (64-bit),Microsoft Windows Server 2019 (64-bit),vm-7658,500404fa-3c04-4ce1-f101-833d8e425ba7,vccp-pavl02.corp.dirsrv.com,8c8bef10-2d2c-4503-a962-b1b89c14df27
CSTST-DTVW01,poweredOn,CSTST-DTVW01_CIS_TST_09-18-2025,WO0000000219462,0 yrs 4 mos 4 days 11:15:01,2025/09/18 06:41:04,[VxRail-Virtual-SAN-Datastore-b2aa1a1a-bc4e-40f9-9d60-a6b034823bf7] CSTST-DTVW01/CSTST-DTVW01-Snapshot54.vmsn,0.2816,"10,775.6367",False,poweredOff,Citrix - Windows Server 2019 Standard Updated - 03/27/2024 - WLH,,,,,,,,,PEDC,VXRP-PHCL100,vxrp-phpl111.corp.dirsrv.com,/PEDC/XenApp Servers/CVS TECH/Golden Images - Update ONLY,Microsoft Windows Server 2019 (64-bit),Microsoft Windows Server 2019 (64-bit),vm-20184,5004bebc-3af1-d703-1d8b-bdeff9b9f359,vccp-pavl02.corp.dirsrv.com,8c8bef10-2d2c-4503-a962-b1b89c14df27
CSTST-DTVW01,poweredOn,CSTST-DTVW01_CIS-TST_09-11-2025,WO0000000218323,0 yrs 4 mos 11 days 11:28:31,2025/09/11 06:27:34,[VxRail-Virtual-SAN-Datastore-b2aa1a1a-bc4e-40f9-9d60-a6b034823bf7] CSTST-DTVW01/CSTST-DTVW01-Snapshot53.vmsn,0.2816,"94,436.0469",False,poweredOff,Citrix - Windows Server 2019 Standard Updated - 03/27/2024 - WLH,,,,,,,,,PEDC,VXRP-PHCL100,vxrp-phpl111.corp.dirsrv.com,/PEDC/XenApp Servers/CVS TECH/Golden Images - Update ONLY,Microsoft Windows Server 2019 (64-bit),Microsoft Windows Server 2019 (64-bit),vm-20184,5004bebc-3af1-d703-1d8b-bdeff9b9f359,vccp-pavl02.corp.dirsrv.com,8c8bef10-2d2c-4503-a962-b1b89c14df27
CSTST-DTVW01,poweredOn,CSTST-DTVW01_CIS_TST_09-26-2025,WO0000000226639,0 yrs 3 mos 27 days 08:16:47,2025/09/26 09:39:18,[VxRail-Virtual-SAN-Datastore-b2aa1a1a-bc4e-40f9-9d60-a6b034823bf7] CSTST-DTVW01/CSTST-DTVW01-Snapshot55.vmsn,0.2816,"8,768.8906",False,poweredOff,Citrix - Windows Server 2019 Standard Updated - 03/27/2024 - WLH,,,,,,,,,PEDC,VXRP-PHCL100,vxrp-phpl111.corp.dirsrv.com,/PEDC/XenApp Servers/CVS TECH/Golden Images - Update ONLY,Microsoft Windows Server 2019 (64-bit),Microsoft Windows Server 2019 (64-bit),vm-20184,5004bebc-3af1-d703-1d8b-bdeff9b9f359,vccp-pavl02.corp.dirsrv.com,8c8bef10-2d2c-4503-a962-b1b89c14df27
CXAGP-PTVW01,poweredOn,Pre-optimization,.net installed and controlup,1 yrs 7 mos 16 days 04:57:12,2024/06/06 12:58:53,[VxRail-Virtual-SAN-Datastore-b2aa1a1a-bc4e-40f9-9d60-a6b034823bf7] CXAGP-PTVW01/CXAGP-PTVW01-Snapshot3.vmsn,0.2777,"9,561.5078",False,poweredOff,Citrix - Windows Server 2022 Standard Updated - 10/19/2023 - WLH,,,,,,,,,PEDC,VXRP-PHCL100,vxrp-phpl113.corp.dirsrv.com,/PEDC/XenApp Servers/VDAH/Golden Images - Update ONLY,Microsoft Windows Server 2022 (64-bit),Microsoft Windows Server 2022 (64-bit),vm-9372,50047caf-94bc-6943-7138-f67815254989,vccp-pavl02.corp.dirsrv.com,8c8bef10-2d2c-4503-a962-b1b89c14df27
CXAGP-PTVW01,poweredOn,Continuation of App installation,,1 yrs 7 mos 3 days 08:19:51,2024/06/19 09:36:14,[VxRail-Virtual-SAN-Datastore-b2aa1a1a-bc4e-40f9-9d60-a6b034823bf7] CXAGP-PTVW01/CXAGP-PTVW01-Snapshot4.vmsn,0.2777,"56,124.2578",False,poweredOff,Citrix - Windows Server 2022 Standard Updated - 10/19/2023 - WLH,,,,,,,,,PEDC,VXRP-PHCL100,vxrp-phpl113.corp.dirsrv.com,/PEDC/XenApp Servers/VDAH/Golden Images - Update ONLY,Microsoft Windows Server 2022 (64-bit),Microsoft Windows Server 2022 (64-bit),vm-9372,50047caf-94bc-6943-7138-f67815254989,vccp-pavl02.corp.dirsrv.com,8c8bef10-2d2c-4503-a962-b1b89c14df27
CXAGP-PTVW01,poweredOn,Fresh Snapshot,,1 yrs 7 mos 16 days 05:17:25,2024/06/06 12:38:40,[VxRail-Virtual-SAN-Datastore-b2aa1a1a-bc4e-40f9-9d60-a6b034823bf7] CXAGP-PTVW01/CXAGP-PTVW01-Snapshot2.vmsn,0.2777,"22,733.7109",False,poweredOff,Citrix - Windows Server 2022 Standard Updated - 10/19/2023 - WLH,,,,,,,,,PEDC,VXRP-PHCL100,vxrp-phpl113.corp.dirsrv.com,/PEDC/XenApp Servers/VDAH/Golden Images - Update ONLY,Microsoft Windows Server 2022 (64-bit),Microsoft Windows Server 2022 (64-bit),vm-9372,50047caf-94bc-6943-7138-f67815254989,vccp-pavl02.corp.dirsrv.com,8c8bef10-2d2c-4503-a962-b1b89c14df27
CXALV-PTVW01,poweredOn,CXALV-PTVW01_Alvaria_PRD_07-09-2025,VDA Update,0 yrs 6 mos 13 days 05:48:27,2025/07/09 12:07:38,[VxRail-Virtual-SAN-Datastore-b2aa1a1a-bc4e-40f9-9d60-a6b034823bf7] CXALV-PTVW01/CXALV-PTVW01-Snapshot446.vmsn,0.2817,"21,536.9492",False,poweredOff,"Windows 2022 x64 with .NET Framework 4.8, Remote Remote Desktop Session Host, Remote Assistance and patches through 3/15/2023",,,,"Backup Server=ppdmp-pivl01.corp.dirsrv.com, Policy=dc13af44-a716-4925-beda-20066145be26, Stage=913a9ebb-703a-4cd4-8ef6-d72723f2d8ce, StartTime=2025-10-29T01:00:13Z, EndTime=2025-10-29T01:15:49Z",Successful: 2024-09-23 01:14:04 UTC,2024-09-23 01:14:04 UTC,,,PEDC,VXRP-PHCL100,vxrp-phpl106.corp.dirsrv.com,/PEDC/XenApp Servers/Alvaria - Voice Operations/Golden Images - Update ONLY,Microsoft Windows Server 2022 (64-bit),Microsoft Windows Server 2022 (64-bit),vm-12118,5004e447-cde4-a047-d083-53b119864048,vccp-pavl02.corp.dirsrv.com,8c8bef10-2d2c-4503-a962-b1b89c14df27
CXALV-PTVW01,poweredOn,CXALV-PTVW01_Alvaria_PRD_06-24-2025,WO0000000204323,0 yrs 6 mos 29 days 06:21:56,2025/06/24 11:34:09,[VxRail-Virtual-SAN-Datastore-b2aa1a1a-bc4e-40f9-9d60-a6b034823bf7] CXALV-PTVW01/CXALV-PTVW01-Snapshot430.vmsn,0.2817,"96,698.3242",False,poweredOff,"Windows 2022 x64 with .NET Framework 4.8, Remote Remote Desktop Session Host, Remote Assistance and patches through 3/15/2023",,,,"Backup Server=ppdmp-pivl01.corp.dirsrv.com, Policy=dc13af44-a716-4925-beda-20066145be26, Stage=913a9ebb-703a-4cd4-8ef6-d72723f2d8ce, StartTime=2025-10-29T01:00:13Z, EndTime=2025-10-29T01:15:49Z",Successful: 2024-09-23 01:14:04 UTC,2024-09-23 01:14:04 UTC,,,PEDC,VXRP-PHCL100,vxrp-phpl106.corp.dirsrv.com,/PEDC/XenApp Servers/Alvaria - Voice Operations/Golden Images - Update ONLY,Microsoft Windows Server 2022 (64-bit),Microsoft Windows Server 2022 (64-bit),vm-12118,5004e447-cde4-a047-d083-53b119864048,vccp-pavl02.corp.dirsrv.com,8c8bef10-2d2c-4503-a962-b1b89c14df27
CXALV-PTVW01,poweredOn,CXALV-PTVW01_Alvaria_PRD_09-04-2025,WO0000000218041,0 yrs 4 mos 18 days 05:33:13,2025/09/04 12:22:52,[VxRail-Virtual-SAN-Datastore-b2aa1a1a-bc4e-40f9-9d60-a6b034823bf7] CXALV-PTVW01/CXALV-PTVW01-Snapshot504.vmsn,0.2817,"28,619.0703",False,poweredOff,"Windows 2022 x64 with .NET Framework 4.8, Remote Remote Desktop Session Host, Remote Assistance and patches through 3/15/2023",,,,"Backup Server=ppdmp-pivl01.corp.dirsrv.com, Policy=dc13af44-a716-4925-beda-20066145be26, Stage=913a9ebb-703a-4cd4-8ef6-d72723f2d8ce, StartTime=2025-10-29T01:00:13Z, EndTime=2025-10-29T01:15:49Z",Successful: 2024-09-23 01:14:04 UTC,2024-09-23 01:14:04 UTC,,,PEDC,VXRP-PHCL100,vxrp-phpl106.corp.dirsrv.com,/PEDC/XenApp Servers/Alvaria - Voice Operations/Golden Images - Update ONLY,Microsoft Windows Server 2022 (64-bit),Microsoft Windows Server 2022 (64-bit),vm-12118,5004e447-cde4-a047-d083-53b119864048,vccp-pavl02.corp.dirsrv.com,8c8bef10-2d2c-4503-a962-b1b89c14df27
CXCAP-PTVW21,poweredOn,CXCAP-PTVW21_CorpAppsPRD_08-29-2025,WO0000000216757,0 yrs 4 mos 24 days 10:22:18,2025/08/29 07:33:47,[VxRail-Virtual-SAN-Datastore-b2aa1a1a-bc4e-40f9-9d60-a6b034823bf7] CXCAP-PTVW21/CXCAP-PTVW21-Snapshot24.vmsn,0.2817,"24,937.4883",False,poweredOff,"IT Corporate Device Support, Corp Apps, Jed, WO0000000146718 ",,,,,,,,,PEDC,VXRP-PHCL100,vxrp-phpl104.corp.dirsrv.com,/PEDC/XenApp Servers/IT Client Device Support/Golden Images - Update ONLY,Microsoft Windows Server 2022 (64-bit),Microsoft Windows Server 2022 (64-bit),vm-13209,5004bb48-3ce9-a2c0-81b0-68b8e8569c42,vccp-pavl02.corp.dirsrv.com,8c8bef10-2d2c-4503-a962-b1b89c14df27
CXCAP-PTVW21,poweredOn,CXCAP-PTVW21_CorpAppsPRD_09-24-2025,WO0000000226509,0 yrs 3 mos 29 days 09:35:05,2025/09/24 08:21:00,[VxRail-Virtual-SAN-Datastore-b2aa1a1a-bc4e-40f9-9d60-a6b034823bf7] CXCAP-PTVW21/CXCAP-PTVW21-Snapshot25.vmsn,0.2817,"23,942.0156",False,poweredOff,"IT Corporate Device Support, Corp Apps, Jed, WO0000000146718 ",,,,,,,,,PEDC,VXRP-PHCL100,vxrp-phpl104.corp.dirsrv.com,/PEDC/XenApp Servers/IT Client Device Support/Golden Images - Update ONLY,Microsoft Windows Server 2022 (64-bit),Microsoft Windows Server 2022 (64-bit),vm-13209,5004bb48-3ce9-a2c0-81b0-68b8e8569c42,vccp-pavl02.corp.dirsrv.com,8c8bef10-2d2c-4503-a962-b1b89c14df27
CXCAP-PTVW21,poweredOn,CXCAP-PTVW21_CorpAppsPRD_07-24-2025,WO0000000209909,0 yrs 5 mos 29 days 08:17:03,2025/07/24 09:39:02,[VxRail-Virtual-SAN-Datastore-b2aa1a1a-bc4e-40f9-9d60-a6b034823bf7] CXCAP-PTVW21/CXCAP-PTVW21-Snapshot23.vmsn,0.2817,"122,308.1133",False,poweredOff,"IT Corporate Device Support, Corp Apps, Jed, WO0000000146718 ",,,,,,,,,PEDC,VXRP-PHCL100,vxrp-phpl104.corp.dirsrv.com,/PEDC/XenApp Servers/IT Client Device Support/Golden Images - Update ONLY,Microsoft Windows Server 2022 (64-bit),Microsoft Windows Server 2022 (64-bit),vm-13209,5004bb48-3ce9-a2c0-81b0-68b8e8569c42,vccp-pavl02.corp.dirsrv.com,8c8bef10-2d2c-4503-a962-b1b89c14df27
CXITP-PTVW01,poweredOn,CXITP-PTVW01-ITS Tools Prod-7-10-2025,"July patches, browsers and VDA.",0 yrs 6 mos 12 days 10:15:20,2025/07/10 07:40:45,[VxRail-Virtual-SAN-Datastore-b2aa1a1a-bc4e-40f9-9d60-a6b034823bf7] CXITP-PTVW01/CXITP-PTVW01-Snapshot294.vmsn,0.2817,"137,795.0313",False,poweredOff,"IT Tools App XenApp, VDAH, Lorri Rades, LJR, 3/21/2023",,,,"Backup Server=ppdmp-pivl01.corp.dirsrv.com, Policy=dc13af44-a716-4925-beda-20066145be26, Stage=913a9ebb-703a-4cd4-8ef6-d72723f2d8ce, StartTime=2025-10-29T01:00:10Z, EndTime=2025-10-29T01:16:45Z",,,,,PEDC,VXRP-PHCL100,vxrp-phpl104.corp.dirsrv.com,/PEDC/XenApp Servers/VDAH/Golden Images - Update ONLY,Microsoft Windows Server 2022 (64-bit),Microsoft Windows Server 2022 (64-bit),vm-4151,5004a48f-96f9-50d8-63ec-47bb876825a8,vccp-pavl02.corp.dirsrv.com,8c8bef10-2d2c-4503-a962-b1b89c14df27
CXITP-PTVW01,poweredOn,CXITP-PTVW01-ITS Tools Prod-10-27-2025,Oct Patches,0 yrs 2 mos 26 days 08:58:10,2025/10/27 08:57:55,[VxRail-Virtual-SAN-Datastore-b2aa1a1a-bc4e-40f9-9d60-a6b034823bf7] CXITP-PTVW01/CXITP-PTVW01-Snapshot405.vmsn,0.2817,"35,386.6211",False,poweredOff,"IT Tools App XenApp, VDAH, Lorri Rades, LJR, 3/21/2023",,,,"Backup Server=ppdmp-pivl01.corp.dirsrv.com, Policy=dc13af44-a716-4925-beda-20066145be26, Stage=913a9ebb-703a-4cd4-8ef6-d72723f2d8ce, StartTime=2025-10-29T01:00:10Z, EndTime=2025-10-29T01:16:45Z",,,,,PEDC,VXRP-PHCL100,vxrp-phpl104.corp.dirsrv.com,/PEDC/XenApp Servers/VDAH/Golden Images - Update ONLY,Microsoft Windows Server 2022 (64-bit),Microsoft Windows Server 2022 (64-bit),vm-4151,5004a48f-96f9-50d8-63ec-47bb876825a8,vccp-pavl02.corp.dirsrv.com,8c8bef10-2d2c-4503-a962-b1b89c14df27
CXITP-PTVW01,poweredOn,CXITP-PTVW01-ITS Tools Prod-9-12-2025,Sept Patches.,0 yrs 4 mos 10 days 06:18:56,2025/09/12 11:37:09,[VxRail-Virtual-SAN-Datastore-b2aa1a1a-bc4e-40f9-9d60-a6b034823bf7] CXITP-PTVW01/CXITP-PTVW01-Snapshot359.vmsn,0.2817,"39,551.0234",False,poweredOff,"IT Tools App XenApp, VDAH, Lorri Rades, LJR, 3/21/2023",,,,"Backup Server=ppdmp-pivl01.corp.dirsrv.com, Policy=dc13af44-a716-4925-beda-20066145be26, Stage=913a9ebb-703a-4cd4-8ef6-d72723f2d8ce, StartTime=2025-10-29T01:00:10Z, EndTime=2025-10-29T01:16:45Z",,,,,PEDC,VXRP-PHCL100,vxrp-phpl104.corp.dirsrv.com,/PEDC/XenApp Servers/VDAH/Golden Images - Update ONLY,Microsoft Windows Server 2022 (64-bit),Microsoft Windows Server 2022 (64-bit),vm-4151,5004a48f-96f9-50d8-63ec-47bb876825a8,vccp-pavl02.corp.dirsrv.com,8c8bef10-2d2c-4503-a962-b1b89c14df27
EMMSP-PTVW01,poweredOn,EMMSP-PTVW01_EMMS_PRD_4-4-2025,,0 yrs 9 mos 18 days 01:16:01,2025/04/04 16:40:04,[VxRail-Virtual-SAN-Datastore-b2aa1a1a-bc4e-40f9-9d60-a6b034823bf7] EMMSP-PTVW01/EMMSP-PTVW01-Snapshot188.vmsn,0.2817,"34,730.5078",False,poweredOff,"Windows 2019 x64 with .NET Framework 4.8, Remote Remote Desktop Session Host, Remote Assistance and patches through 10/26/2022",,,,"Backup Server=ppdmp-pivl01.corp.dirsrv.com, Policy=0ec0f88a-1667-425c-bc48-8bcfb62a9709, Stage=4b554e38-d1bf-4965-b6bc-07ee8429df93, StartTime=2025-10-29T02:00:05Z, EndTime=2025-10-29T02:17:38Z",,,,,PEDC,VXRP-PHCL100,vxrp-phpl106.corp.dirsrv.com,/PEDC/XenApp Servers/EMMS Support/Golden Images - Update ONLY,Microsoft Windows Server 2019 (64-bit),Microsoft Windows Server 2019 (64-bit),vm-4042,5004eaa8-b5b9-a5b9-9983-23fe596ffa17,vccp-pavl02.corp.dirsrv.com,8c8bef10-2d2c-4503-a962-b1b89c14df27
EMMSP-PTVW01,poweredOn,EMMSP-PTVW01_EMMS_2-22-2024,WO0000000128647,1 yrs 11 mos 0 days 04:19:47,2024/02/22 13:36:18,[VxRail-Virtual-SAN-Datastore-b2aa1a1a-bc4e-40f9-9d60-a6b034823bf7] EMMSP-PTVW01/EMMSP-PTVW01-Snapshot6.vmsn,0.2814,"84,287.1602",False,poweredOff,"Windows 2019 x64 with .NET Framework 4.8, Remote Remote Desktop Session Host, Remote Assistance and patches through 10/26/2022",,,,"Backup Server=ppdmp-pivl01.corp.dirsrv.com, Policy=0ec0f88a-1667-425c-bc48-8bcfb62a9709, Stage=4b554e38-d1bf-4965-b6bc-07ee8429df93, StartTime=2025-10-29T02:00:05Z, EndTime=2025-10-29T02:17:38Z",,,,,PEDC,VXRP-PHCL100,vxrp-phpl106.corp.dirsrv.com,/PEDC/XenApp Servers/EMMS Support/Golden Images - Update ONLY,Microsoft Windows Server 2019 (64-bit),Microsoft Windows Server 2019 (64-bit),vm-4042,5004eaa8-b5b9-a5b9-9983-23fe596ffa17,vccp-pavl02.corp.dirsrv.com,8c8bef10-2d2c-4503-a962-b1b89c14df27
EMMSP-PTVW01,poweredOn,EMMSP-PTVW01_EMMS_PRD_10-21-2024,WO0000000162128,1 yrs 3 mos 1 days 02:38:07,2024/10/21 15:17:58,[VxRail-Virtual-SAN-Datastore-b2aa1a1a-bc4e-40f9-9d60-a6b034823bf7] EMMSP-PTVW01/EMMSP-PTVW01-Snapshot20.vmsn,0.2814,"40,075.7695",False,poweredOff,"Windows 2019 x64 with .NET Framework 4.8, Remote Remote Desktop Session Host, Remote Assistance and patches through 10/26/2022",,,,"Backup Server=ppdmp-pivl01.corp.dirsrv.com, Policy=0ec0f88a-1667-425c-bc48-8bcfb62a9709, Stage=4b554e38-d1bf-4965-b6bc-07ee8429df93, StartTime=2025-10-29T02:00:05Z, EndTime=2025-10-29T02:17:38Z",,,,,PEDC,VXRP-PHCL100,vxrp-phpl106.corp.dirsrv.com,/PEDC/XenApp Servers/EMMS Support/Golden Images - Update ONLY,Microsoft Windows Server 2019 (64-bit),Microsoft Windows Server 2019 (64-bit),vm-4042,5004eaa8-b5b9-a5b9-9983-23fe596ffa17,vccp-pavl02.corp.dirsrv.com,8c8bef10-2d2c-4503-a962-b1b89c14df27
GISCX-FTVW01,poweredOn,GISCX-FTVW01_GIS_PFX_09-11-2025,WO0000000219313,0 yrs 4 mos 11 days 05:04:03,2025/09/11 12:52:02,[VxRail-Virtual-SAN-Datastore-b2aa1a1a-bc4e-40f9-9d60-a6b034823bf7] GISCX-FTVW01/GISCX-FTVW01-Snapshot13.vmsn,0.2821,"25,756.1406",False,poweredOff,"Windows 2022 x64 with .NET Framework 4.8, Remote Remote Desktop Session Host, Remote Assistance and patches through 3/15/2023",,,,"Backup Server=ppdmp-pivl01.corp.dirsrv.com, Policy=98461ef6-fe3b-4ac5-83a1-09e1e4c86ea9, Stage=0d5ebe92-544a-468c-8414-29065351b3c4, StartTime=2025-01-13T08:00:43Z, EndTime=2025-01-13T08:02:59Z",,,,,PEDC,VXRP-PHCL100,vxrp-phpl105.corp.dirsrv.com,/PEDC/XenApp Servers/IT CO GIS/Golden Images - Update ONLY,Microsoft Windows Server 2022 (64-bit),Microsoft Windows Server 2022 (64-bit),vm-19258,5004ff9a-3ec8-5d62-7e83-2f2928058172,vccp-pavl02.corp.dirsrv.com,8c8bef10-2d2c-4503-a962-b1b89c14df27
GISCX-FTVW01,poweredOn,GISCX-FTVW01_GIS_PFX_06-30-2025,WO0000000205400,0 yrs 6 mos 23 days 04:43:39,2025/06/30 13:12:26,[VxRail-Virtual-SAN-Datastore-b2aa1a1a-bc4e-40f9-9d60-a6b034823bf7] GISCX-FTVW01/GISCX-FTVW01-Snapshot11.vmsn,0.2821,"83,151.3242",False,poweredOff,"Windows 2022 x64 with .NET Framework 4.8, Remote Remote Desktop Session Host, Remote Assistance and patches through 3/15/2023",,,,"Backup Server=ppdmp-pivl01.corp.dirsrv.com, Policy=98461ef6-fe3b-4ac5-83a1-09e1e4c86ea9, Stage=0d5ebe92-544a-468c-8414-29065351b3c4, StartTime=2025-01-13T08:00:43Z, EndTime=2025-01-13T08:02:59Z",,,,,PEDC,VXRP-PHCL100,vxrp-phpl105.corp.dirsrv.com,/PEDC/XenApp Servers/IT CO GIS/Golden Images - Update ONLY,Microsoft Windows Server 2022 (64-bit),Microsoft Windows Server 2022 (64-bit),vm-19258,5004ff9a-3ec8-5d62-7e83-2f2928058172,vccp-pavl02.corp.dirsrv.com,8c8bef10-2d2c-4503-a962-b1b89c14df27
GISCX-FTVW01,poweredOn,GISCX-FTVW01_GIS_PFX_08-12-2025,WO0000000213275,0 yrs 5 mos 10 days 01:45:20,2025/08/12 16:10:45,[VxRail-Virtual-SAN-Datastore-b2aa1a1a-bc4e-40f9-9d60-a6b034823bf7] GISCX-FTVW01/GISCX-FTVW01-Snapshot12.vmsn,0.2821,"15,254.2305",False,poweredOff,"Windows 2022 x64 with .NET Framework 4.8, Remote Remote Desktop Session Host, Remote Assistance and patches through 3/15/2023",,,,"Backup Server=ppdmp-pivl01.corp.dirsrv.com, Policy=98461ef6-fe3b-4ac5-83a1-09e1e4c86ea9, Stage=0d5ebe92-544a-468c-8414-29065351b3c4, StartTime=2025-01-13T08:00:43Z, EndTime=2025-01-13T08:02:59Z",,,,,PEDC,VXRP-PHCL100,vxrp-phpl105.corp.dirsrv.com,/PEDC/XenApp Servers/IT CO GIS/Golden Images - Update ONLY,Microsoft Windows Server 2022 (64-bit),Microsoft Windows Server 2022 (64-bit),vm-19258,5004ff9a-3ec8-5d62-7e83-2f2928058172,vccp-pavl02.corp.dirsrv.com,8c8bef10-2d2c-4503-a962-b1b89c14df27
GISCX-PTVW01,poweredOn,GISCX-PTVW01_GIS_PRD_09-16-2025,WO0000000217857,0 yrs 4 mos 6 days 02:01:41,2025/09/16 15:54:24,[VxRail-Virtual-SAN-Datastore-b2aa1a1a-bc4e-40f9-9d60-a6b034823bf7] GISCX-PTVW01/GISCX-PTVW01-Snapshot315.vmsn,0.2821,"9,339.4336",False,poweredOff,"Windows 2022 x64 with .NET Framework 4.8, Remote Remote Desktop Session Host, Remote Assistance and patches through 3/15/2023",,,,"Backup Server=ppdmp-pivl01.corp.dirsrv.com, Policy=ca36e950-9ed1-48c3-ac28-6bb841a48218, Stage=1b3d45d4-73f3-4998-bcb1-398eee627af2, StartTime=2025-10-29T07:00:08Z, EndTime=2025-10-29T07:36:10Z",,,,,PEDC,VXRP-PHCL100,vxrp-phpl111.corp.dirsrv.com,/PEDC/XenApp Servers/IT CO GIS/Golden Images - Update ONLY,Microsoft Windows Server 2022 (64-bit),Microsoft Windows Server 2022 (64-bit),vm-19549,50047055-d509-e5c1-a74e-ac418fe6d4ab,vccp-pavl02.corp.dirsrv.com,8c8bef10-2d2c-4503-a962-b1b89c14df27
GISCX-PTVW01,poweredOn,GISCX-PTVW01_GIS_PRD_09-11-2025,WO0000000219168,0 yrs 4 mos 11 days 04:16:13,2025/09/11 13:39:52,[VxRail-Virtual-SAN-Datastore-b2aa1a1a-bc4e-40f9-9d60-a6b034823bf7] GISCX-PTVW01/GISCX-PTVW01-Snapshot309.vmsn,0.2821,"100,944.2773",False,poweredOff,"Windows 2022 x64 with .NET Framework 4.8, Remote Remote Desktop Session Host, Remote Assistance and patches through 3/15/2023",,,,"Backup Server=ppdmp-pivl01.corp.dirsrv.com, Policy=ca36e950-9ed1-48c3-ac28-6bb841a48218, Stage=1b3d45d4-73f3-4998-bcb1-398eee627af2, StartTime=2025-10-29T07:00:08Z, EndTime=2025-10-29T07:36:10Z",,,,,PEDC,VXRP-PHCL100,vxrp-phpl111.corp.dirsrv.com,/PEDC/XenApp Servers/IT CO GIS/Golden Images - Update ONLY,Microsoft Windows Server 2022 (64-bit),Microsoft Windows Server 2022 (64-bit),vm-19549,50047055-d509-e5c1-a74e-ac418fe6d4ab,vccp-pavl02.corp.dirsrv.com,8c8bef10-2d2c-4503-a962-b1b89c14df27
GISCX-PTVW01,poweredOn,GISCX-PTVW01_GIS_PRD_09-29-2025,WO0000000230429,0 yrs 3 mos 24 days 04:59:57,2025/09/29 12:56:08,[VxRail-Virtual-SAN-Datastore-b2aa1a1a-bc4e-40f9-9d60-a6b034823bf7] GISCX-PTVW01/GISCX-PTVW01-Snapshot329.vmsn,0.2821,"16,629.5547",False,poweredOff,"Windows 2022 x64 with .NET Framework 4.8, Remote Remote Desktop Session Host, Remote Assistance and patches through 3/15/2023",,,,"Backup Server=ppdmp-pivl01.corp.dirsrv.com, Policy=ca36e950-9ed1-48c3-ac28-6bb841a48218, Stage=1b3d45d4-73f3-4998-bcb1-398eee627af2, StartTime=2025-10-29T07:00:08Z, EndTime=2025-10-29T07:36:10Z",,,,,PEDC,VXRP-PHCL100,vxrp-phpl111.corp.dirsrv.com,/PEDC/XenApp Servers/IT CO GIS/Golden Images - Update ONLY,Microsoft Windows Server 2022 (64-bit),Microsoft Windows Server 2022 (64-bit),vm-19549,50047055-d509-e5c1-a74e-ac418fe6d4ab,vccp-pavl02.corp.dirsrv.com,8c8bef10-2d2c-4503-a962-b1b89c14df27
GISCX-RTVW01,poweredOn,GISCX-RTVW01_GIS_TRN_09-26-2025,WO0000000228604,0 yrs 3 mos 27 days 02:46:28,2025/09/26 15:09:37,[VxRail-Virtual-SAN-Datastore-b2aa1a1a-bc4e-40f9-9d60-a6b034823bf7] GISCX-RTVW01/GISCX-RTVW01-Snapshot354.vmsn,0.2821,"16,999.0039",False,poweredOff,Citrix - Windows Server 2022 Standard Updated - 03/27/2024 - WLH,,,,"Backup Server=ppdmp-pivl01.corp.dirsrv.com, Policy=640a6e5b-f879-47dd-867c-8424b8c88dff, Stage=e1ec5c82-42b0-40d9-9139-1dc63110420a, StartTime=2025-10-29T06:00:06Z, EndTime=2025-10-29T06:14:41Z",,,,,PEDC,VXRP-PHCL100,vxrp-phpl111.corp.dirsrv.com,/PEDC/XenApp Servers/IT CO GIS/Golden Images - Update ONLY,Microsoft Windows Server 2022 (64-bit),Microsoft Windows Server 2022 (64-bit),vm-19109,5004f28f-f885-91a8-3196-29efb759e2ae,vccp-pavl02.corp.dirsrv.com,8c8bef10-2d2c-4503-a962-b1b89c14df27
GISCX-RTVW01,poweredOn,GISCX-RTVW01_GIS_TRN_08-12-2025,WO0000000213282,0 yrs 5 mos 10 days 01:51:25,2025/08/12 16:04:40,[VxRail-Virtual-SAN-Datastore-b2aa1a1a-bc4e-40f9-9d60-a6b034823bf7] GISCX-RTVW01/GISCX-RTVW01-Snapshot307.vmsn,0.2821,"95,530.2305",False,poweredOff,Citrix - Windows Server 2022 Standard Updated - 03/27/2024 - WLH,,,,"Backup Server=ppdmp-pivl01.corp.dirsrv.com, Policy=640a6e5b-f879-47dd-867c-8424b8c88dff, Stage=e1ec5c82-42b0-40d9-9139-1dc63110420a, StartTime=2025-10-29T06:00:06Z, EndTime=2025-10-29T06:14:41Z",,,,,PEDC,VXRP-PHCL100,vxrp-phpl111.corp.dirsrv.com,/PEDC/XenApp Servers/IT CO GIS/Golden Images - Update ONLY,Microsoft Windows Server 2022 (64-bit),Microsoft Windows Server 2022 (64-bit),vm-19109,5004f28f-f885-91a8-3196-29efb759e2ae,vccp-pavl02.corp.dirsrv.com,8c8bef10-2d2c-4503-a962-b1b89c14df27
GISCX-RTVW01,poweredOn,GISCX-RTVW01_GIS_TRN_09-09-2025,WO0000000218820,0 yrs 4 mos 13 days 04:17:23,2025/09/09 13:38:42,[VxRail-Virtual-SAN-Datastore-b2aa1a1a-bc4e-40f9-9d60-a6b034823bf7] GISCX-RTVW01/GISCX-RTVW01-Snapshot336.vmsn,0.2821,"21,861.6406",False,poweredOff,Citrix - Windows Server 2022 Standard Updated - 03/27/2024 - WLH,,,,"Backup Server=ppdmp-pivl01.corp.dirsrv.com, Policy=640a6e5b-f879-47dd-867c-8424b8c88dff, Stage=e1ec5c82-42b0-40d9-9139-1dc63110420a, StartTime=2025-10-29T06:00:06Z, EndTime=2025-10-29T06:14:41Z",,,,,PEDC,VXRP-PHCL100,vxrp-phpl111.corp.dirsrv.com,/PEDC/XenApp Servers/IT CO GIS/Golden Images - Update ONLY,Microsoft Windows Server 2022 (64-bit),Microsoft Windows Server 2022 (64-bit),vm-19109,5004f28f-f885-91a8-3196-29efb759e2ae,vccp-pavl02.corp.dirsrv.com,8c8bef10-2d2c-4503-a962-b1b89c14df27
MGI-00003,poweredOn,MGI03_2_24_2025,"Updated Citrix Workspace client
Updated Privilege Management
Updated SentinelOne
Updated Edge and Chrome browsers
Shut down applicable services and disable scheduled tasks
Cleaned cached folders and temp directories
Deleted profiles, with exception of virtualbase.",0 yrs 10 mos 29 days 10:14:13,2025/02/24 07:41:52,[VxRail-Virtual-SAN-Datastore-b2aa1a1a-bc4e-40f9-9d60-a6b034823bf7] MGI-00003/MGI-00003-Snapshot8.vmsn,0.2821,"18,644.8984",False,poweredOff,,,,,,,,,,PEDC,VXRP-PHCL100,vxrp-phpl101.corp.dirsrv.com,/PEDC/MGIs,Microsoft Windows 10 (64-bit),Microsoft Windows 10 (64-bit),vm-12556,50047bf2-244b-d88a-96eb-5e813cb144d4,vccp-pavl02.corp.dirsrv.com,8c8bef10-2d2c-4503-a962-b1b89c14df27
MGI-00003,poweredOn,MGI03_4_21_2025,"re-installed SCCM, along with patches including the newly released April updates",0 yrs 9 mos 1 days 10:16:42,2025/04/21 07:39:23,[VxRail-Virtual-SAN-Datastore-b2aa1a1a-bc4e-40f9-9d60-a6b034823bf7] MGI-00003/MGI-00003-Snapshot9.vmsn,0.2821,"29,929.2734",False,poweredOff,,,,,,,,,,PEDC,VXRP-PHCL100,vxrp-phpl101.corp.dirsrv.com,/PEDC/MGIs,Microsoft Windows 10 (64-bit),Microsoft Windows 10 (64-bit),vm-12556,50047bf2-244b-d88a-96eb-5e813cb144d4,vccp-pavl02.corp.dirsrv.com,8c8bef10-2d2c-4503-a962-b1b89c14df27
MGI-00003,poweredOn,MGI03_2_5_2025,"Security patches installed – January
Browsers updated
SAP GUI upgraded – v.8
Navigate Office upgraded – v.2.1
SCCM disabled – removed cert and config file
Cleaned up profiles and scheduled tasks
Vmware tools",0 yrs 11 mos 17 days 07:48:46,2025/02/05 10:07:19,[VxRail-Virtual-SAN-Datastore-b2aa1a1a-bc4e-40f9-9d60-a6b034823bf7] MGI-00003/MGI-00003-Snapshot7.vmsn,0.2821,"102,337.6602",False,poweredOff,,,,,,,,,,PEDC,VXRP-PHCL100,vxrp-phpl101.corp.dirsrv.com,/PEDC/MGIs,Microsoft Windows 10 (64-bit),Microsoft Windows 10 (64-bit),vm-12556,50047bf2-244b-d88a-96eb-5e813cb144d4,vccp-pavl02.corp.dirsrv.com,8c8bef10-2d2c-4503-a962-b1b89c14df27
MGI-00004,poweredOn,MGI04_7_15_2025,,0 yrs 6 mos 7 days 11:24:17,2025/07/15 06:31:48,[VxRail-Virtual-SAN-Datastore-b2aa1a1a-bc4e-40f9-9d60-a6b034823bf7] MGI-00004/MGI-00004-Snapshot13.vmsn,0.3125,"27,077.9609",False,poweredOff,,,,,,,,,,PEDC,VXRP-PHCL100,vxrp-phpl107.corp.dirsrv.com,/PEDC/MGIs,Microsoft Windows 11 (64-bit),Microsoft Windows 11 (64-bit),vm-24379,50046791-14c9-2136-5e8c-efe82295777d,vccp-pavl02.corp.dirsrv.com,8c8bef10-2d2c-4503-a962-b1b89c14df27
MGI-00004,poweredOn,MGI04_06_11_2025,,0 yrs 7 mos 11 days 05:10:51,2025/06/11 12:45:14,[VxRail-Virtual-SAN-Datastore-b2aa1a1a-bc4e-40f9-9d60-a6b034823bf7] MGI-00004/MGI-00004-Snapshot11.vmsn,0.3125,"96,547.8125",False,poweredOff,,,,,,,,,,PEDC,VXRP-PHCL100,vxrp-phpl107.corp.dirsrv.com,/PEDC/MGIs,Microsoft Windows 11 (64-bit),Microsoft Windows 11 (64-bit),vm-24379,50046791-14c9-2136-5e8c-efe82295777d,vccp-pavl02.corp.dirsrv.com,8c8bef10-2d2c-4503-a962-b1b89c14df27
MGI-00004,poweredOn,MGI04_06_12_2025,,0 yrs 7 mos 10 days 09:43:00,2025/06/12 08:13:05,[VxRail-Virtual-SAN-Datastore-b2aa1a1a-bc4e-40f9-9d60-a6b034823bf7] MGI-00004/MGI-00004-Snapshot12.vmsn,0.3125,"16,609.8828",False,poweredOff,,,,,,,,,,PEDC,VXRP-PHCL100,vxrp-phpl107.corp.dirsrv.com,/PEDC/MGIs,Microsoft Windows 11 (64-bit),Microsoft Windows 11 (64-bit),vm-24379,50046791-14c9-2136-5e8c-efe82295777d,vccp-pavl02.corp.dirsrv.com,8c8bef10-2d2c-4503-a962-b1b89c14df27
MGI-00009,poweredOn,PVDI-CC-STGUAT-MGI-00009-5-15-2025,"Security Patches installed – May
Browsers updated
Disabled  SCCM and removed SMSCFG.ini
Avecto xml Update
Move to Pool OU, refresh policy
Disable Scheduled Tasks
Cleaned up profiles
Diskclean",0 yrs 8 mos 7 days 05:47:16,2025/05/15 12:08:49,[VxRail-Virtual-SAN-Datastore-b2aa1a1a-bc4e-40f9-9d60-a6b034823bf7] MGI-00009/MGI-00009-Snapshot22.vmsn,0.2821,"125,472.2930",False,poweredOff,,,,,,,,,,PEDC,VXRP-PHCL100,vxrp-phpl114.corp.dirsrv.com,/PEDC/MGIs,Microsoft Windows 10 (64-bit),Microsoft Windows 10 (64-bit),vm-9573,500471c3-4c86-6cca-6e35-44d2c8cf51f2,vccp-pavl02.corp.dirsrv.com,8c8bef10-2d2c-4503-a962-b1b89c14df27
MGI-00009,poweredOn,PVDI-CC-STGUAT-MGI-00009-5-23-2025,Update OpenC to 4.2.7.38/3.10.1.10,0 yrs 7 mos 30 days 02:28:36,2025/05/23 15:27:29,[VxRail-Virtual-SAN-Datastore-b2aa1a1a-bc4e-40f9-9d60-a6b034823bf7] MGI-00009/MGI-00009-Snapshot23.vmsn,0.2821,"9,789.6484",False,poweredOff,,,,,,,,,,PEDC,VXRP-PHCL100,vxrp-phpl114.corp.dirsrv.com,/PEDC/MGIs,Microsoft Windows 10 (64-bit),Microsoft Windows 10 (64-bit),vm-9573,500471c3-4c86-6cca-6e35-44d2c8cf51f2,vccp-pavl02.corp.dirsrv.com,8c8bef10-2d2c-4503-a962-b1b89c14df27
MGI-00009,poweredOn,PVDI-CC-STGUAT-MGI-00009-6-25-2025,"Security Patches installed – June
Browsers updated
Disabled  SCCM and removed SMSCFG.ini
Avecto xml Update
Move to Pool OU, refresh policy
Disable Scheduled Tasks
Cleaned up profiles
Diskclean",0 yrs 6 mos 28 days 09:10:50,2025/06/25 08:45:15,[VxRail-Virtual-SAN-Datastore-b2aa1a1a-bc4e-40f9-9d60-a6b034823bf7] MGI-00009/MGI-00009-Snapshot24.vmsn,0.2821,"31,558.5352",False,poweredOff,,,,,,,,,,PEDC,VXRP-PHCL100,vxrp-phpl114.corp.dirsrv.com,/PEDC/MGIs,Microsoft Windows 10 (64-bit),Microsoft Windows 10 (64-bit),vm-9573,500471c3-4c86-6cca-6e35-44d2c8cf51f2,vccp-pavl02.corp.dirsrv.com,8c8bef10-2d2c-4503-a962-b1b89c14df27
MGI-00012,poweredOff,PVDI-STGUAT-MGI-00012_10-1-2025,VDA uninstall and re-install.,0 yrs 3 mos 21 days 10:28:25,2025/10/01 07:27:40,[VxRail-Virtual-SAN-Datastore-b2aa1a1a-bc4e-40f9-9d60-a6b034823bf7] MGI-00012/MGI-00012-Snapshot5.vmsn,0.3125,"25,935.5898",False,poweredOff,,,,,,,,,,PEDC,VXRP-PHCL100,vxrp-phpl107.corp.dirsrv.com,/PEDC/MGIs,Microsoft Windows 11 (64-bit),,vm-25444,5004b0bf-0b1c-8c8b-d89a-edaef77c5de6,vccp-pavl02.corp.dirsrv.com,8c8bef10-2d2c-4503-a962-b1b89c14df27
MGI-00012,poweredOff,PVDI-STGUAT-MGI-00012_09-22-2025,WO0000000221905,0 yrs 4 mos 0 days 03:09:25,2025/09/22 14:46:40,[VxRail-Virtual-SAN-Datastore-b2aa1a1a-bc4e-40f9-9d60-a6b034823bf7] MGI-00012/MGI-00012-Snapshot4.vmsn,0.3125,"9,949.5547",False,poweredOff,,,,,,,,,,PEDC,VXRP-PHCL100,vxrp-phpl107.corp.dirsrv.com,/PEDC/MGIs,Microsoft Windows 11 (64-bit),,vm-25444,5004b0bf-0b1c-8c8b-d89a-edaef77c5de6,vccp-pavl02.corp.dirsrv.com,8c8bef10-2d2c-4503-a962-b1b89c14df27
MGI-00012,poweredOff,PVDI-STGUAT-MGI-00012-9-12-2025,"Security Patches installed – September
Browsers updated
Disabled  SCCM and removed SMSCFG.ini
Avecto xml Update
Move to Pool OU, refresh policy
Disable Scheduled Tasks
Cleaned up profiles
Diskclean",0 yrs 4 mos 10 days 06:10:11,2025/09/12 11:45:54,[VxRail-Virtual-SAN-Datastore-b2aa1a1a-bc4e-40f9-9d60-a6b034823bf7] MGI-00012/MGI-00012-Snapshot3.vmsn,0.3125,"131,359.2539",False,poweredOff,,,,,,,,,,PEDC,VXRP-PHCL100,vxrp-phpl107.corp.dirsrv.com,/PEDC/MGIs,Microsoft Windows 11 (64-bit),,vm-25444,5004b0bf-0b1c-8c8b-d89a-edaef77c5de6,vccp-pavl02.corp.dirsrv.com,8c8bef10-2d2c-4503-a962-b1b89c14df27
MGI-00012,poweredOff,PVDI-STGUAT-MGI-00012_10-20-2025,"Security Patches installed – October
Browsers updated
Disabled  SCCM and removed SMSCFG.ini
Avecto xml Update
Move to Pool OU, refresh policy
Disable Scheduled Tasks
Cleaned up profiles
Diskclean",0 yrs 3 mos 2 days 05:31:21,2025/10/20 12:24:44,[VxRail-Virtual-SAN-Datastore-b2aa1a1a-bc4e-40f9-9d60-a6b034823bf7] MGI-00012/MGI-00012-Snapshot6.vmsn,0.3125,"26,866.0742",False,poweredOff,,,,,,,,,,PEDC,VXRP-PHCL100,vxrp-phpl107.corp.dirsrv.com,/PEDC/MGIs,Microsoft Windows 11 (64-bit),,vm-25444,5004b0bf-0b1c-8c8b-d89a-edaef77c5de6,vccp-pavl02.corp.dirsrv.com,8c8bef10-2d2c-4503-a962-b1b89c14df27
MGI-00014,poweredOn,PVDI-CC-STGUAT-MGI-00014-10-20-2025,Pre-VDA Install,0 yrs 3 mos 2 days 04:31:49,2025/10/20 13:24:16,[VxRail-Virtual-SAN-Datastore-b2aa1a1a-bc4e-40f9-9d60-a6b034823bf7] MGI-00014/MGI-00014-Snapshot2.vmsn,0.3125,"63,783.3594",False,poweredOff,WIN11 STGUAT MGI - 10/2025,,,,,,,,,PEDC,VXRP-PHCL100,vxrp-phpl106.corp.dirsrv.com,/PEDC/MGIs,Microsoft Windows 11 (64-bit),Microsoft Windows 11 (64-bit),vm-27582,5004a2ad-f3a9-b5fa-0928-93855040aa82,vccp-pavl02.corp.dirsrv.com,8c8bef10-2d2c-4503-a962-b1b89c14df27
MGI-00014,poweredOn,PVDI-CC-STGUAT-MGI-00014-10-22-2025,Finished Image,0 yrs 3 mos 0 days 04:13:12,2025/10/22 13:42:53,[VxRail-Virtual-SAN-Datastore-b2aa1a1a-bc4e-40f9-9d60-a6b034823bf7] MGI-00014/MGI-00014-Snapshot3.vmsn,0.3125,"20,994.1211",False,poweredOff,WIN11 STGUAT MGI - 10/2025,,,,,,,,,PEDC,VXRP-PHCL100,vxrp-phpl106.corp.dirsrv.com,/PEDC/MGIs,Microsoft Windows 11 (64-bit),Microsoft Windows 11 (64-bit),vm-27582,5004a2ad-f3a9-b5fa-0928-93855040aa82,vccp-pavl02.corp.dirsrv.com,8c8bef10-2d2c-4503-a962-b1b89c14df27
MGI-00014,poweredOn,PVDI-CC-STGUAT-MGI-00014-10-16-2025,Initial Spin up,0 yrs 3 mos 6 days 04:01:05,2025/10/16 13:55:00,[VxRail-Virtual-SAN-Datastore-b2aa1a1a-bc4e-40f9-9d60-a6b034823bf7] MGI-00014/MGI-00014-Snapshot1.vmsn,0.3125,"34,581.9688",False,poweredOff,WIN11 STGUAT MGI - 10/2025,,,,,,,,,PEDC,VXRP-PHCL100,vxrp-phpl106.corp.dirsrv.com,/PEDC/MGIs,Microsoft Windows 11 (64-bit),Microsoft Windows 11 (64-bit),vm-27582,5004a2ad-f3a9-b5fa-0928-93855040aa82,vccp-pavl02.corp.dirsrv.com,8c8bef10-2d2c-4503-a962-b1b89c14df27
MGI-00016_P,poweredOff,MGI-00016_P_03_04_2025,"Updated Citrix Workspace client
Updated Privilege Management
Updated SentinelOne
Updated Edge and Chrome browsers
Shut down applicable services and disable scheduled tasks
Cleaned cached folders and temp directories
Deleted profiles, with exception of virtualbase.",0 yrs 10 mos 18 days 09:57:01,2025/03/04 07:59:04,[VxRail-Virtual-SAN-Datastore-b2aa1a1a-bc4e-40f9-9d60-a6b034823bf7] MGI-00016_P/MGI-00016_P-Snapshot1.vmsn,0.2684,"97,082.3203",False,poweredOff,,,,,,,,,,PEDC,VXRP-PHCL100,vxrp-phpl109.corp.dirsrv.com,/PEDC/MGIs,Microsoft Windows 10 (64-bit),,vm-23634,50047cd5-c650-7a13-904e-81abbabbe428,vccp-pavl02.corp.dirsrv.com,8c8bef10-2d2c-4503-a962-b1b89c14df27
MGI-00016-06-04-2024,poweredOff,MGI-00016-06-04-2024,"22H2 enablement installed
Security patches installed
Apps installed and updated
SCCM turned off
Profiles cleaned up",1 yrs 7 mos 18 days 10:10:50,2024/06/04 07:45:15,[VxRail-Virtual-SAN-Datastore-b2aa1a1a-bc4e-40f9-9d60-a6b034823bf7] MGI-00016-06-04-2024/MGI-00016-06-04-2024-Snapshot1.vmsn,0.2700,"87,844.9453",False,poweredOff,,,,,,,,,,PEDC,VXRP-PHCL100,vxrp-phpl106.corp.dirsrv.com,/PEDC/MGIs,Microsoft Windows 10 (64-bit),,vm-12712,50047c24-4754-b078-41da-fa9102079b4f,vccp-pavl02.corp.dirsrv.com,8c8bef10-2d2c-4503-a962-b1b89c14df27
MGI-00024,poweredOn,MGI-00024_GPU_08-06-2025,"Software Updates installed
MS Office 2016 removed",0 yrs 5 mos 16 days 07:26:23,2025/08/06 10:29:42,[VxRail-Virtual-SAN-Datastore-b2aa1a1a-bc4e-40f9-9d60-a6b034823bf7] MGI-00024/MGI-00024-Snapshot3.vmsn,0.3125,"30,299.0781",False,poweredOff,,,,,,,,,,PEDC,VXRP-PHCL100,vxrp-phpl104.corp.dirsrv.com,/PEDC/MGIs,Microsoft Windows 11 (64-bit),Microsoft Windows 11 (64-bit),vm-25431,5004c21e-d1e4-a630-653b-f44555521683,vccp-pavl02.corp.dirsrv.com,8c8bef10-2d2c-4503-a962-b1b89c14df27
MGI-00024,poweredOn,Initial build,,0 yrs 7 mos 10 days 03:26:23,2025/06/12 14:29:42,[VxRail-Virtual-SAN-Datastore-b2aa1a1a-bc4e-40f9-9d60-a6b034823bf7] MGI-00024/MGI-00024-Snapshot1.vmsn,0.3125,"34,797.0547",False,poweredOff,,,,,,,,,,PEDC,VXRP-PHCL100,vxrp-phpl104.corp.dirsrv.com,/PEDC/MGIs,Microsoft Windows 11 (64-bit),Microsoft Windows 11 (64-bit),vm-25431,5004c21e-d1e4-a630-653b-f44555521683,vccp-pavl02.corp.dirsrv.com,8c8bef10-2d2c-4503-a962-b1b89c14df27
MGI-00024,poweredOn,PRE_GPU_LOAD,,0 yrs 5 mos 17 days 06:04:57,2025/08/05 11:51:08,[VxRail-Virtual-SAN-Datastore-b2aa1a1a-bc4e-40f9-9d60-a6b034823bf7] MGI-00024/MGI-00024-Snapshot2.vmsn,0.3125,"67,972.2852",False,poweredOff,,,,,,,,,,PEDC,VXRP-PHCL100,vxrp-phpl104.corp.dirsrv.com,/PEDC/MGIs,Microsoft Windows 11 (64-bit),Microsoft Windows 11 (64-bit),vm-25431,5004c21e-d1e4-a630-653b-f44555521683,vccp-pavl02.corp.dirsrv.com,8c8bef10-2d2c-4503-a962-b1b89c14df27
MGI15_3_3_2023,poweredOff,MGI15_P_3_3_20203,,2 yrs 10 mos 19 days 09:32:24,2023/03/03 08:23:41,[VxRail-Virtual-SAN-Datastore-b2aa1a1a-bc4e-40f9-9d60-a6b034823bf7] MGI15_3_3_2023/MGI15_3_3_2023-Snapshot1.vmsn,0.2681,"78,096.7266",False,poweredOff,MGI-00015 - 21H2 Base image for Personal VDIs,,,,,,,,,PEDC,VXRP-PHCL100,vxrp-phpl113.corp.dirsrv.com,/PEDC/MGIs,Microsoft Windows 10 (64-bit),,vm-4045,5004bf56-35db-e0da-9c01-cdbec9291018,vccp-pavl02.corp.dirsrv.com,8c8bef10-2d2c-4503-a962-b1b89c14df27
MGI16_5_17_2023,poweredOff,MGI16_5_17_2023,,2 yrs 7 mos 30 days 08:03:16,2023/05/23 09:52:49,[VxRail-Virtual-SAN-Datastore-b2aa1a1a-bc4e-40f9-9d60-a6b034823bf7] MGI16_5_17_2023/MGI16_5_17_2023-Snapshot1.vmsn,0.2682,"48,506.7578",False,poweredOff,,,,,,,,,,PEDC,VXRP-PHCL100,vxrp-phpl106.corp.dirsrv.com,/PEDC/MGIs,Microsoft Windows 10 (64-bit),,vm-4676,5004d080-2b16-59ea-4b9a-48dd66cdb71c,vccp-pavl02.corp.dirsrv.com,8c8bef10-2d2c-4503-a962-b1b89c14df27
MGI-80004,poweredOn,MGI80004_6_10_2025,,0 yrs 7 mos 12 days 10:12:24,2025/06/10 07:43:41,[VxRail-Virtual-SAN-Datastore-b2aa1a1a-bc4e-40f9-9d60-a6b034823bf7] MGI-80004/MGI-80004-Snapshot3.vmsn,0.3125,"33,587.9414",False,poweredOff,,,,,,,,,,PEDC,VXRP-PHCL100,vxrp-phpl113.corp.dirsrv.com,/PEDC/MGIs,Microsoft Windows 11 (64-bit),Microsoft Windows 11 (64-bit),vm-25100,5004b729-431a-55ad-1909-8054912e9926,vccp-pavl02.corp.dirsrv.com,8c8bef10-2d2c-4503-a962-b1b89c14df27
MGI-80004,poweredOn,MGI80004_6_12_2025,,0 yrs 7 mos 10 days 07:57:28,2025/06/12 09:58:37,[VxRail-Virtual-SAN-Datastore-b2aa1a1a-bc4e-40f9-9d60-a6b034823bf7] MGI-80004/MGI-80004-Snapshot4.vmsn,0.3125,"20,284.7930",False,poweredOff,,,,,,,,,,PEDC,VXRP-PHCL100,vxrp-phpl113.corp.dirsrv.com,/PEDC/MGIs,Microsoft Windows 11 (64-bit),Microsoft Windows 11 (64-bit),vm-25100,5004b729-431a-55ad-1909-8054912e9926,vccp-pavl02.corp.dirsrv.com,8c8bef10-2d2c-4503-a962-b1b89c14df27
MGI-80005,poweredOn,Initial Spin - No Domain,,0 yrs 7 mos 30 days 04:05:51,2025/05/23 13:50:14,[VxRail-Virtual-SAN-Datastore-b2aa1a1a-bc4e-40f9-9d60-a6b034823bf7] MGI-80005/MGI-80005-Snapshot1.vmsn,0.3125,"22,820.2031",False,poweredOff,,,,,,,,,,PEDC,VXRP-PHCL100,vxrp-phpl114.corp.dirsrv.com,/PEDC/MGIs,Microsoft Windows 11 (64-bit),,vm-25102,500440a2-4d03-cb2c-3f7c-1d9dc7ba7512,vccp-pavl02.corp.dirsrv.com,8c8bef10-2d2c-4503-a962-b1b89c14df27
MTMCX-PTVW01,poweredOn,MTMCX-PTVW01_MTM_10-21-2024,WO0000000162124,1 yrs 3 mos 1 days 03:08:39,2024/10/21 14:47:26,[VxRail-Virtual-SAN-Datastore-b2aa1a1a-bc4e-40f9-9d60-a6b034823bf7] MTMCX-PTVW01/MTMCX-PTVW01-Snapshot456.vmsn,0.2814,"72,077.3086",False,poweredOff,"IT WEC Development foundations, MTM, Priya Kumar, JP, 05/04/2023, WO0000000088905",,,,"Backup Server=ppdmp-pivl01.corp.dirsrv.com, Policy=82bb1779-5593-47cd-8b67-b47f8b0cf2d0, Stage=f7e63335-8a3d-4b14-a756-cf0957c6fddf, StartTime=2025-10-29T05:00:06Z, EndTime=2025-10-29T05:12:15Z",Successful: 2024-09-23 05:09:20 UTC,2024-09-23 05:09:20 UTC,,,PEDC,VXRP-PHCL100,vxrp-phpl102.corp.dirsrv.com,/PEDC/XenApp Servers/IT WEC Development Foundations/Golden Images - Update ONLY,Microsoft Windows Server 2019 (64-bit),Microsoft Windows Server 2019 (64-bit),vm-4616,5004b792-d9d9-b3c8-50ed-3ac463894a1d,vccp-pavl02.corp.dirsrv.com,8c8bef10-2d2c-4503-a962-b1b89c14df27
MTMCX-PTVW01,poweredOn,MTMCX-PTVW01_MTM_PRD_3-12-2025,WO0000000184109,0 yrs 10 mos 10 days 04:27:26,2025/03/12 13:28:39,[VxRail-Virtual-SAN-Datastore-b2aa1a1a-bc4e-40f9-9d60-a6b034823bf7] MTMCX-PTVW01/MTMCX-PTVW01-Snapshot597.vmsn,0.2816,"23,857.4727",False,poweredOff,"IT WEC Development foundations, MTM, Priya Kumar, JP, 05/04/2023, WO0000000088905",,,,"Backup Server=ppdmp-pivl01.corp.dirsrv.com, Policy=82bb1779-5593-47cd-8b67-b47f8b0cf2d0, Stage=f7e63335-8a3d-4b14-a756-cf0957c6fddf, StartTime=2025-10-29T05:00:06Z, EndTime=2025-10-29T05:12:15Z",Successful: 2024-09-23 05:09:20 UTC,2024-09-23 05:09:20 UTC,,,PEDC,VXRP-PHCL100,vxrp-phpl102.corp.dirsrv.com,/PEDC/XenApp Servers/IT WEC Development Foundations/Golden Images - Update ONLY,Microsoft Windows Server 2019 (64-bit),Microsoft Windows Server 2019 (64-bit),vm-4616,5004b792-d9d9-b3c8-50ed-3ac463894a1d,vccp-pavl02.corp.dirsrv.com,8c8bef10-2d2c-4503-a962-b1b89c14df27
NAV-PTVW21,poweredOff,NAV-PTVW21_NAVIGATE_PROD_08-12-2025,,0 yrs 5 mos 10 days 02:37:39,2025/08/12 15:18:26,[VxRail-Virtual-SAN-Datastore-b2aa1a1a-bc4e-40f9-9d60-a6b034823bf7] NAV-PTVW21/NAV-PTVW21-Snapshot815.vmsn,0.2816,"47,237.9180",False,poweredOff,"Windows 2022 x64 with .NET Framework 4.8, Remote Remote Desktop Session Host, Remote Assistance and patches through 3/15/2023",,,,"Backup Server=ppdmp-pivl01.corp.dirsrv.com, Policy=eb654121-d9d7-45bf-84d3-9a4e1ecbf46a, Stage=ce88c790-8162-401c-8fa3-9a3cba7cfa5f, StartTime=2025-10-29T01:00:04Z, EndTime=2025-10-29T01:11:58Z",Successful: 2024-09-23 01:12:45 UTC,2024-09-23 01:12:45 UTC,,,PEDC,VXRP-PHCL100,vxrp-phpl111.corp.dirsrv.com,/PEDC/XenApp Servers/IT CO GIS/Golden Images - Update ONLY,Microsoft Windows Server 2022 (64-bit),,vm-4189,5004f1da-d614-c1fc-d692-614c461af633,vccp-pavl02.corp.dirsrv.com,8c8bef10-2d2c-4503-a962-b1b89c14df27
NAV-PTVW21,poweredOff,NAV-PTVW21_NAVIGATE_PROD_09-29-2025,WO0000000228529,0 yrs 3 mos 24 days 10:54:38,2025/09/29 07:01:27,[VxRail-Virtual-SAN-Datastore-b2aa1a1a-bc4e-40f9-9d60-a6b034823bf7] NAV-PTVW21/NAV-PTVW21-Snapshot865.vmsn,0.2816,"28,103.6289",False,poweredOff,"Windows 2022 x64 with .NET Framework 4.8, Remote Remote Desktop Session Host, Remote Assistance and patches through 3/15/2023",,,,"Backup Server=ppdmp-pivl01.corp.dirsrv.com, Policy=eb654121-d9d7-45bf-84d3-9a4e1ecbf46a, Stage=ce88c790-8162-401c-8fa3-9a3cba7cfa5f, StartTime=2025-10-29T01:00:04Z, EndTime=2025-10-29T01:11:58Z",Successful: 2024-09-23 01:12:45 UTC,2024-09-23 01:12:45 UTC,,,PEDC,VXRP-PHCL100,vxrp-phpl111.corp.dirsrv.com,/PEDC/XenApp Servers/IT CO GIS/Golden Images - Update ONLY,Microsoft Windows Server 2022 (64-bit),,vm-4189,5004f1da-d614-c1fc-d692-614c461af633,vccp-pavl02.corp.dirsrv.com,8c8bef10-2d2c-4503-a962-b1b89c14df27
NAV-PTVW21,poweredOff,NAV-PTVW21_NAVIGATE_PROD_09-11-2025,WO0000000219196,0 yrs 4 mos 11 days 06:06:52,2025/09/11 11:49:13,[VxRail-Virtual-SAN-Datastore-b2aa1a1a-bc4e-40f9-9d60-a6b034823bf7] NAV-PTVW21/NAV-PTVW21-Snapshot846.vmsn,0.2816,"31,940.4805",False,poweredOff,"Windows 2022 x64 with .NET Framework 4.8, Remote Remote Desktop Session Host, Remote Assistance and patches through 3/15/2023",,,,"Backup Server=ppdmp-pivl01.corp.dirsrv.com, Policy=eb654121-d9d7-45bf-84d3-9a4e1ecbf46a, Stage=ce88c790-8162-401c-8fa3-9a3cba7cfa5f, StartTime=2025-10-29T01:00:04Z, EndTime=2025-10-29T01:11:58Z",Successful: 2024-09-23 01:12:45 UTC,2024-09-23 01:12:45 UTC,,,PEDC,VXRP-PHCL100,vxrp-phpl111.corp.dirsrv.com,/PEDC/XenApp Servers/IT CO GIS/Golden Images - Update ONLY,Microsoft Windows Server 2022 (64-bit),,vm-4189,5004f1da-d614-c1fc-d692-614c461af633,vccp-pavl02.corp.dirsrv.com,8c8bef10-2d2c-4503-a962-b1b89c14df27
NAV-PTVW21,poweredOff,NAV-PTVW21_NAVIGATE_PROD_5-5-2025,WO0000000193936,0 yrs 8 mos 17 days 10:12:48,2025/05/05 07:43:17,[VxRail-Virtual-SAN-Datastore-b2aa1a1a-bc4e-40f9-9d60-a6b034823bf7] NAV-PTVW21/NAV-PTVW21-Snapshot715.vmsn,0.2816,"134,312.3945",False,poweredOff,"Windows 2022 x64 with .NET Framework 4.8, Remote Remote Desktop Session Host, Remote Assistance and patches through 3/15/2023",,,,"Backup Server=ppdmp-pivl01.corp.dirsrv.com, Policy=eb654121-d9d7-45bf-84d3-9a4e1ecbf46a, Stage=ce88c790-8162-401c-8fa3-9a3cba7cfa5f, StartTime=2025-10-29T01:00:04Z, EndTime=2025-10-29T01:11:58Z",Successful: 2024-09-23 01:12:45 UTC,2024-09-23 01:12:45 UTC,,,PEDC,VXRP-PHCL100,vxrp-phpl111.corp.dirsrv.com,/PEDC/XenApp Servers/IT CO GIS/Golden Images - Update ONLY,Microsoft Windows Server 2022 (64-bit),,vm-4189,5004f1da-d614-c1fc-d692-614c461af633,vccp-pavl02.corp.dirsrv.com,8c8bef10-2d2c-4503-a962-b1b89c14df27
PPCTX-PTVW01,poweredOn,PPCTX-PTVW01_PowerPlan-Prod_09-12-2025,WO0000000219505,0 yrs 4 mos 10 days 04:51:09,2025/09/12 13:04:56,[VxRail-Virtual-SAN-Datastore-b2aa1a1a-bc4e-40f9-9d60-a6b034823bf7] PPCTX-PTVW01/PPCTX-PTVW01-Snapshot43.vmsn,0.2818,"29,305.2031",False,poweredOff,"Windows 2022 x64 with .NET Framework 4.8, Remote Remote Desktop Session Host, Remote Assistance and patches through 3/15/2023",,,,,,,,,PEDC,VXRP-PHCL100,vxrp-phpl114.corp.dirsrv.com,/PEDC/XenApp Servers/PowerPlan/Golden Images - Update Only,Microsoft Windows Server 2022 (64-bit),Microsoft Windows Server 2022 (64-bit),vm-4127,500470c2-3e4d-afa3-6b2d-40433f81abe5,vccp-pavl02.corp.dirsrv.com,8c8bef10-2d2c-4503-a962-b1b89c14df27
PPCTX-PTVW01,poweredOn,PPCTX-PTVW01_PowerPlan-Prod_10-22-2025,WO0000000304464,0 yrs 3 mos 0 days 10:48:40,2025/10/22 07:07:25,[VxRail-Virtual-SAN-Datastore-b2aa1a1a-bc4e-40f9-9d60-a6b034823bf7] PPCTX-PTVW01/PPCTX-PTVW01-Snapshot44.vmsn,0.2818,"32,571.2930",False,poweredOff,"Windows 2022 x64 with .NET Framework 4.8, Remote Remote Desktop Session Host, Remote Assistance and patches through 3/15/2023",,,,,,,,,PEDC,VXRP-PHCL100,vxrp-phpl114.corp.dirsrv.com,/PEDC/XenApp Servers/PowerPlan/Golden Images - Update Only,Microsoft Windows Server 2022 (64-bit),Microsoft Windows Server 2022 (64-bit),vm-4127,500470c2-3e4d-afa3-6b2d-40433f81abe5,vccp-pavl02.corp.dirsrv.com,8c8bef10-2d2c-4503-a962-b1b89c14df27
PPCTX-PTVW01,poweredOn,PPCTX-PTVW01_PowerPlan-PROD-08-22-2025,WO0000000215348,0 yrs 5 mos 0 days 06:06:37,2025/08/22 11:49:28,[VxRail-Virtual-SAN-Datastore-b2aa1a1a-bc4e-40f9-9d60-a6b034823bf7] PPCTX-PTVW01/PPCTX-PTVW01-Snapshot42.vmsn,0.2818,"137,810.1250",False,poweredOff,"Windows 2022 x64 with .NET Framework 4.8, Remote Remote Desktop Session Host, Remote Assistance and patches through 3/15/2023",,,,,,,,,PEDC,VXRP-PHCL100,vxrp-phpl114.corp.dirsrv.com,/PEDC/XenApp Servers/PowerPlan/Golden Images - Update Only,Microsoft Windows Server 2022 (64-bit),Microsoft Windows Server 2022 (64-bit),vm-4127,500470c2-3e4d-afa3-6b2d-40433f81abe5,vccp-pavl02.corp.dirsrv.com,8c8bef10-2d2c-4503-a962-b1b89c14df27
vSAN File Service Node (1),poweredOn,eam-snapshot,Snapshot used to create new agent VMs,0 yrs 4 mos 10 days 07:32:21,2025/09/12 10:23:44,[VxRail-Virtual-SAN-Datastore-b2aa1a1a-bc4e-40f9-9d60-a6b034823bf7] vSAN File Service Node (1)/vSAN File Service Node (1)-Snapshot1.vmsn,0.0106,"2,721.5586",False,poweredOff,VMware-vSAN-File-Services-Appliance-8.0.3.1000-24674464_OVF10.ovf,,,,,,,,,PEDC,VXRP-PHCL100,vxrp-phpl105.corp.dirsrv.com,/PEDC/ESX Agents,Other 3.x or later Linux (64-bit),VMware Photon OS (64-bit),vm-27064,500400f0-1658-7927-ca39-b0c8287df1a1,vccp-pavl02.corp.dirsrv.com,8c8bef10-2d2c-4503-a962-b1b89c14df27
vSAN File Service Node (10),poweredOn,eam-snapshot,Snapshot used to create new agent VMs,0 yrs 4 mos 10 days 07:31:50,2025/09/12 10:24:15,[VxRail-Virtual-SAN-Datastore-b2aa1a1a-bc4e-40f9-9d60-a6b034823bf7] vSAN File Service Node (10)/vSAN File Service Node (10)-Snapshot1.vmsn,0.0112,"2,721.4961",False,poweredOff,VMware-vSAN-File-Services-Appliance-8.0.3.1000-24674464_OVF10.ovf,,,,,,,,,PEDC,VXRP-PHCL100,vxrp-phpl102.corp.dirsrv.com,/PEDC/ESX Agents,Other 3.x or later Linux (64-bit),VMware Photon OS (64-bit),vm-27079,50044627-a847-57c1-bbc1-86c8d4f29c3d,vccp-pavl02.corp.dirsrv.com,8c8bef10-2d2c-4503-a962-b1b89c14df27
vSAN File Service Node (11),poweredOn,eam-snapshot,Snapshot used to create new agent VMs,0 yrs 4 mos 10 days 07:31:50,2025/09/12 10:24:15,[VxRail-Virtual-SAN-Datastore-b2aa1a1a-bc4e-40f9-9d60-a6b034823bf7] vSAN File Service Node (11)/vSAN File Service Node (11)-Snapshot1.vmsn,0.0112,"2,721.4961",False,poweredOff,VMware-vSAN-File-Services-Appliance-8.0.3.1000-24674464_OVF10.ovf,,,,,,,,,PEDC,VXRP-PHCL100,vxrp-phpl107.corp.dirsrv.com,/PEDC/ESX Agents,Other 3.x or later Linux (64-bit),VMware Photon OS (64-bit),vm-27080,5004ebfb-5db4-168b-9666-a524bc219024,vccp-pavl02.corp.dirsrv.com,8c8bef10-2d2c-4503-a962-b1b89c14df27
vSAN File Service Node (12),poweredOn,eam-snapshot,Snapshot used to create new agent VMs,0 yrs 4 mos 10 days 07:31:43,2025/09/12 10:24:22,[VxRail-Virtual-SAN-Datastore-b2aa1a1a-bc4e-40f9-9d60-a6b034823bf7] vSAN File Service Node (12)/vSAN File Service Node (12)-Snapshot1.vmsn,0.0112,"2,721.4961",False,poweredOff,VMware-vSAN-File-Services-Appliance-8.0.3.1000-24674464_OVF10.ovf,,,,,,,,,PEDC,VXRP-PHCL100,vxrp-phpl108.corp.dirsrv.com,/PEDC/ESX Agents,Other 3.x or later Linux (64-bit),VMware Photon OS (64-bit),vm-27083,5004d9bd-3354-1b95-2564-e8fafc247c65,vccp-pavl02.corp.dirsrv.com,8c8bef10-2d2c-4503-a962-b1b89c14df27
vSAN File Service Node (13),poweredOn,eam-snapshot,Snapshot used to create new agent VMs,0 yrs 4 mos 10 days 07:31:40,2025/09/12 10:24:25,[VxRail-Virtual-SAN-Datastore-b2aa1a1a-bc4e-40f9-9d60-a6b034823bf7] vSAN File Service Node (13)/vSAN File Service Node (13)-Snapshot1.vmsn,0.0112,"2,721.4961",False,poweredOff,VMware-vSAN-File-Services-Appliance-8.0.3.1000-24674464_OVF10.ovf,,,,,,,,,PEDC,VXRP-PHCL100,vxrp-phpl103.corp.dirsrv.com,/PEDC/ESX Agents,Other 3.x or later Linux (64-bit),VMware Photon OS (64-bit),vm-27087,50049159-4fbf-c747-1fd4-4f2fd844ffde,vccp-pavl02.corp.dirsrv.com,8c8bef10-2d2c-4503-a962-b1b89c14df27
vSAN File Service Node (14),poweredOn,eam-snapshot,Snapshot used to create new agent VMs,0 yrs 4 mos 10 days 07:31:40,2025/09/12 10:24:25,[VxRail-Virtual-SAN-Datastore-b2aa1a1a-bc4e-40f9-9d60-a6b034823bf7] vSAN File Service Node (14)/vSAN File Service Node (14)-Snapshot1.vmsn,0.0112,"2,721.4961",False,poweredOff,VMware-vSAN-File-Services-Appliance-8.0.3.1000-24674464_OVF10.ovf,,,,,,,,,PEDC,VXRP-PHCL100,vxrp-phpl114.corp.dirsrv.com,/PEDC/ESX Agents,Other 3.x or later Linux (64-bit),VMware Photon OS (64-bit),vm-27088,5004a223-7331-a198-eda8-2563fe4025e5,vccp-pavl02.corp.dirsrv.com,8c8bef10-2d2c-4503-a962-b1b89c14df27
vSAN File Service Node (15),poweredOn,eam-snapshot,Snapshot used to create new agent VMs,0 yrs 4 mos 10 days 07:31:39,2025/09/12 10:24:26,[VxRail-Virtual-SAN-Datastore-b2aa1a1a-bc4e-40f9-9d60-a6b034823bf7] vSAN File Service Node (15)/vSAN File Service Node (15)-Snapshot1.vmsn,0.0112,"2,721.4961",False,poweredOff,VMware-vSAN-File-Services-Appliance-8.0.3.1000-24674464_OVF10.ovf,,,,,,,,,PEDC,VXRP-PHCL100,vxrp-phpl109.corp.dirsrv.com,/PEDC/ESX Agents,Other 3.x or later Linux (64-bit),VMware Photon OS (64-bit),vm-27089,5004ab16-bdd4-f8b8-892d-602f0866f92b,vccp-pavl02.corp.dirsrv.com,8c8bef10-2d2c-4503-a962-b1b89c14df27
vSAN File Service Node (2),poweredOn,eam-snapshot,Snapshot used to create new agent VMs,0 yrs 4 mos 10 days 07:32:06,2025/09/12 10:23:59,[VxRail-Virtual-SAN-Datastore-b2aa1a1a-bc4e-40f9-9d60-a6b034823bf7] vSAN File Service Node (2)/vSAN File Service Node (2)-Snapshot1.vmsn,0.0112,"2,721.4961",False,poweredOff,VMware-vSAN-File-Services-Appliance-8.0.3.1000-24674464_OVF10.ovf,,,,,,,,,PEDC,VXRP-PHCL100,vxrp-phpl101.corp.dirsrv.com,/PEDC/ESX Agents,Other 3.x or later Linux (64-bit),VMware Photon OS (64-bit),vm-27067,500475fd-c30b-515c-0c55-a8f30714beb5,vccp-pavl02.corp.dirsrv.com,8c8bef10-2d2c-4503-a962-b1b89c14df27
vSAN File Service Node (3),poweredOn,eam-snapshot,Snapshot used to create new agent VMs,0 yrs 4 mos 10 days 07:32:06,2025/09/12 10:23:59,[VxRail-Virtual-SAN-Datastore-b2aa1a1a-bc4e-40f9-9d60-a6b034823bf7] vSAN File Service Node (3)/vSAN File Service Node (3)-Snapshot1.vmsn,0.0112,"2,721.4961",False,poweredOff,VMware-vSAN-File-Services-Appliance-8.0.3.1000-24674464_OVF10.ovf,,,,,,,,,PEDC,VXRP-PHCL100,vxrp-phpl110.corp.dirsrv.com,/PEDC/ESX Agents,Other 3.x or later Linux (64-bit),VMware Photon OS (64-bit),vm-27066,50042e73-cc8e-876c-5d2a-816e9b6b1156,vccp-pavl02.corp.dirsrv.com,8c8bef10-2d2c-4503-a962-b1b89c14df27
vSAN File Service Node (4),poweredOn,eam-snapshot,Snapshot used to create new agent VMs,0 yrs 4 mos 10 days 07:32:06,2025/09/12 10:23:59,[VxRail-Virtual-SAN-Datastore-b2aa1a1a-bc4e-40f9-9d60-a6b034823bf7] vSAN File Service Node (4)/vSAN File Service Node (4)-Snapshot1.vmsn,0.0112,"2,721.4961",False,poweredOff,VMware-vSAN-File-Services-Appliance-8.0.3.1000-24674464_OVF10.ovf,,,,,,,,,PEDC,VXRP-PHCL100,vxrp-phpl104.corp.dirsrv.com,/PEDC/ESX Agents,Other 3.x or later Linux (64-bit),VMware Photon OS (64-bit),vm-27069,50046e08-3c5c-e860-0926-9a8d19827d6b,vccp-pavl02.corp.dirsrv.com,8c8bef10-2d2c-4503-a962-b1b89c14df27
vSAN File Service Node (5),poweredOn,eam-snapshot,Snapshot used to create new agent VMs,0 yrs 4 mos 10 days 07:32:06,2025/09/12 10:23:59,[VxRail-Virtual-SAN-Datastore-b2aa1a1a-bc4e-40f9-9d60-a6b034823bf7] vSAN File Service Node (5)/vSAN File Service Node (5)-Snapshot1.vmsn,0.0112,"2,721.4961",False,poweredOff,VMware-vSAN-File-Services-Appliance-8.0.3.1000-24674464_OVF10.ovf,,,,,,,,,PEDC,VXRP-PHCL100,vxrp-phpl115.corp.dirsrv.com,/PEDC/ESX Agents,Other 3.x or later Linux (64-bit),VMware Photon OS (64-bit),vm-27068,5004cd75-0b13-478a-bf4c-43e4ba1ec68a,vccp-pavl02.corp.dirsrv.com,8c8bef10-2d2c-4503-a962-b1b89c14df27
vSAN File Service Node (6),poweredOn,eam-snapshot,Snapshot used to create new agent VMs,0 yrs 4 mos 10 days 07:32:06,2025/09/12 10:23:59,[VxRail-Virtual-SAN-Datastore-b2aa1a1a-bc4e-40f9-9d60-a6b034823bf7] vSAN File Service Node (6)/vSAN File Service Node (6)-Snapshot1.vmsn,0.0112,"2,721.4961",False,poweredOff,VMware-vSAN-File-Services-Appliance-8.0.3.1000-24674464_OVF10.ovf,,,,,,,,,PEDC,VXRP-PHCL100,vxrp-phpl111.corp.dirsrv.com,/PEDC/ESX Agents,Other 3.x or later Linux (64-bit),VMware Photon OS (64-bit),vm-27070,500494b5-c25b-ef22-9c91-ff3049841464,vccp-pavl02.corp.dirsrv.com,8c8bef10-2d2c-4503-a962-b1b89c14df27
vSAN File Service Node (7),poweredOn,eam-snapshot,Snapshot used to create new agent VMs,0 yrs 4 mos 10 days 07:31:52,2025/09/12 10:24:13,[VxRail-Virtual-SAN-Datastore-b2aa1a1a-bc4e-40f9-9d60-a6b034823bf7] vSAN File Service Node (7)/vSAN File Service Node (7)-Snapshot1.vmsn,0.0112,"2,721.4961",False,poweredOff,VMware-vSAN-File-Services-Appliance-8.0.3.1000-24674464_OVF10.ovf,,,,,,,,,PEDC,VXRP-PHCL100,vxrp-phpl106.corp.dirsrv.com,/PEDC/ESX Agents,Other 3.x or later Linux (64-bit),VMware Photon OS (64-bit),vm-27076,5004c351-4a4b-ec6c-29fa-304efd3bb791,vccp-pavl02.corp.dirsrv.com,8c8bef10-2d2c-4503-a962-b1b89c14df27
vSAN File Service Node (8),poweredOn,eam-snapshot,Snapshot used to create new agent VMs,0 yrs 4 mos 10 days 07:31:51,2025/09/12 10:24:14,[VxRail-Virtual-SAN-Datastore-b2aa1a1a-bc4e-40f9-9d60-a6b034823bf7] vSAN File Service Node (8)/vSAN File Service Node (8)-Snapshot1.vmsn,0.0112,"2,721.4961",False,poweredOff,VMware-vSAN-File-Services-Appliance-8.0.3.1000-24674464_OVF10.ovf,,,,,,,,,PEDC,VXRP-PHCL100,vxrp-phpl113.corp.dirsrv.com,/PEDC/ESX Agents,Other 3.x or later Linux (64-bit),VMware Photon OS (64-bit),vm-27077,5004cbc4-812b-a9cd-7e9e-c811b4a575b7,vccp-pavl02.corp.dirsrv.com,8c8bef10-2d2c-4503-a962-b1b89c14df27
vSAN File Service Node (9),poweredOn,eam-snapshot,Snapshot used to create new agent VMs,0 yrs 4 mos 10 days 07:31:50,2025/09/12 10:24:15,[VxRail-Virtual-SAN-Datastore-b2aa1a1a-bc4e-40f9-9d60-a6b034823bf7] vSAN File Service Node (9)/vSAN File Service Node (9)-Snapshot1.vmsn,0.0112,"2,721.4961",False,poweredOff,VMware-vSAN-File-Services-Appliance-8.0.3.1000-24674464_OVF10.ovf,,,,,,,,,PEDC,VXRP-PHCL100,vxrp-phpl112.corp.dirsrv.com,/PEDC/ESX Agents,Other 3.x or later Linux (64-bit),VMware Photon OS (64-bit),vm-27078,5004e59d-59f9-aba5-b4f3-9868944d6bf6,vccp-pavl02.corp.dirsrv.com,8c8bef10-2d2c-4503-a962-b1b89c14df27
